Num_Acc,an,mois,jour,hrmn,lum,agg,int,atm,col,com,adr,gps,lat,long,dep
201500006101,15,6,10,2130,2,1,1,1,6,196,,M,4806441.0,686272.0,880
201500053492,15,6,16,1010,1,2,3,1,4,114,"147, AVENUE DU MAINE",,,,750
201500019755,15,1,6,1515,1,1,1,2,6,187,,M,4719274.0,-202382.0,440
201500043970,15,9,2,1235,1,2,1,1,3,637,AV BORIS VIAN,M,4903240.0,201569.0,950
201500017151,15,1,15,815,1,2,1,6,1,584,RUE JEAN MOULIN,M,4921696.0,241965.0,600
201500045037,15,12,21,1900,2,1,1,2,4,69,A4,M,4881730.0,242929.0,940
201500000907,15,4,23,400,3,1,1,1,7,126,,M,4794733.0,-177355.0,350
201500037668,15,10,1,720,1,2,2,1,3,12,"1, ANDRE MALRAUX (ROND P",,,,920
201500050655,15,9,18,1630,1,2,2,3,3,102,"17, RUE DU QUATRE SEPTEM",,,,750
201500039970,15,2,8,240,5,2,1,2,4,8,"2-24, BARBUSSE (AVENUE H",,,,930
201500023357,15,4,22,805,1,2,3,1,1,63,RUE DES POILUS 1914-1918,M,4481710.0,-56873.0,330
201500006753,15,1,16,1215,1,1,1,5,6,395,,M,4738991.0,458048.0,210
201500023194,15,6,23,1630,1,1,1,1,6,529,RN 250 (OUSTALET),M,4461833.0,-112555.0,330
201500012972,15,10,18,720,3,1,1,2,7,145,D991 ( VALLEE DE LA DOUR,M,4410130.0,311744.0,120
201500003915,15,8,23,515,3,1,1,8,6,401,,M,4319500.0,10900.0,650
201500048687,15,7,7,2050,2,2,1,1,7,388,"82, ETATS UNIS (DES)",,,,690
201500032495,15,1,7,2355,5,2,1,1,6,224,SIPHON (RUE DU),M,4774925.0,732891.0,680
201500019539,15,5,11,1405,1,2,3,1,3,306,ALSACE LORRAINE (D'),M,4562642.0,-102945.0,170
201500010526,15,1,25,1115,1,2,1,7,6,12,"CORNICHE (MOYENNE, N? 1",,,,60
201500051529,15,1,9,745,1,2,1,2,6,116,"8, QUAI SAINT EXUPERY",,,,750
201500052006,15,8,8,340,5,2,5,1,2,101,"2, QUAI DU LOUVRE",,,,750
201500016431,15,7,17,1110,1,2,2,1,3,118,JUIN (BOULEVARD MARECHAL,M,4919680.0,-39677.0,140
201500042612,15,2,13,1935,4,2,2,2,6,43,"106, EDMONT MICHELET (R)",,,,940
201500019115,15,3,20,1945,5,1,2,1,3,5,,M,0.0,0.0,740
201500003026,15,3,12,2115,3,1,1,2,6,213,,M,4641939.0,4923.0,860
201500041648,15,11,11,1505,1,2,1,1,6,59,"149, ELYSEE RECLUS (AVEN",,,,930
201500036519,15,8,15,745,1,2,1,2,6,21,DIVISION LECLERC (AVENUE,,,,910
201500035642,15,3,26,1620,1,1,1,1,6,214,GENCAY (ROUTE DE),M,0.0,0.0,860
201500029044,15,9,9,1615,1,2,4,1,3,121,", COUEDIC (RUE  DU )",M,4774982.0,-336342.0,560
201500042860,15,4,28,800,1,2,9,7,3,34,"., PAIX (AV DE LA)",,,,940
201500044759,15,7,17,1230,1,1,1,1,4,17,A4,M,4882650.0,252131.0,940
201500041682,15,5,7,1210,1,2,1,1,4,78,"178, BALLANGER (BD ROBER",,,,930
201500007268,15,3,4,1015,1,1,1,1,3,19,,M,4759300.0,610100.0,700
201500049320,15,11,19,820,1,1,1,1,2,118,Autoroute A.351,,,,670
201500002727,15,1,14,745,2,1,3,1,3,36,,M,4362415.0,-137978.0,400
201500000613,15,7,1,1700,1,1,6,1,4,357,,M,4959475.0,26597.0,760
201500012702,15,3,24,2045,3,1,1,1,3,237,,M,0.0,0.0,670
201500010014,15,8,6,1110,1,2,1,1,3,123,"257, SAUVAIGO PIERRE AVE",,,,60
201500027058,15,10,12,1045,1,2,2,1,2,184,"31, GAULLE (RUE DU GAL D",M,4727387.0,-221100.0,440
201500017355,15,12,3,1800,5,2,3,1,3,689,D6,M,4899150.0,-48478.0,140
201500001567,15,4,4,1735,1,2,3,2,1,53,"0, MOUTHIER ( RUE LOUIS)",M,4618488.0,523802.0,10
201500005673,15,12,3,1325,1,2,1,1,1,190,"41, REGEMORTES (RUE)",,,,30
201500041362,15,7,11,1930,1,2,1,1,3,66,COURNEUVE (ROUTE),,,,930
201500027834,15,3,13,410,5,2,1,1,2,129,BD G LE CONQUERANT,M,4964100.0,-163686.0,500
201500051725,15,7,17,1820,1,2,2,1,3,116,"77, RUE D AUTEUIL",,,,750
201500055256,15,7,26,1545,1,2,2,3,3,119,"86, RUE BOTZARIS",,,,750
201500013836,15,1,22,1845,5,2,3,1,6,55,"41, VOI LA CANEBIERE",M,4329638.0,537765.0,130
201500049864,15,2,19,915,1,1,1,1,4,144,A57,M,4314263.0,600847.0,830
201500053334,15,11,24,800,1,2,3,1,6,113,"16, BOULEVARD ARAGO",,,,750
201500012008,15,3,1,1115,1,1,1,1,2,113,,M,0.0,0.0,60
201500055999,15,10,15,2028,5,2,5,1,3,116,"56, AVENUE MARCEAU",,,,750
201500022205,15,12,12,205,5,2,6,1,7,189,ALLENDE SALVADOR (RUE),M,4382205.0,436499.0,300
201500015154,15,9,22,1700,1,2,1,1,3,55,"00, LUMINY (AVENUE DE)",M,4323559.0,543581.0,130
201500018875,15,4,20,1015,1,2,3,1,3,371,grande rue,M,4724500.0,587000.0,250
201500011211,15,12,19,1715,5,2,1,1,3,88,"8, CARABACEL (BD)",M,4370343.0,727648.0,60
201500007641,15,9,15,1600,1,1,1,1,5,94,,M,4378200.0,587500.0,40
201500017194,15,9,4,630,2,2,1,1,6,603,rue saint medard,M,4958627.0,305143.0,600
201500045322,15,3,29,1715,1,1,1,2,6,394,AUTOROUTE A115,,,,950
201500001222,15,11,20,1930,3,1,1,8,6,53,,M,4769150.0,-257653.0,560
201500022347,15,4,30,1835,1,2,6,1,3,483,GASCOGNE (ALLEE DE ),M,4311289.0,72088.0,310
201500009763,15,2,27,1015,1,2,1,7,6,214,"27, R MARECHAL LECLERC",M,4497692.0,-107554.0,330
201500035373,15,9,23,1140,1,2,3,1,3,137,"0, SAINTE ANNE (BD / RUE",M,4313464.0,593208.0,830
201500043108,15,9,24,1730,1,2,1,1,3,46,"149, REPUBLIQUE (AV DE L",,,,940
201500013910,15,4,21,2030,1,2,2,1,3,75,"00, FRÉDÉRIC CHEVILLON (",M,4334747.0,546376.0,130
201500007028,15,11,15,1700,1,2,1,1,6,156,,M,4799693.0,357718.0,890
201500027022,15,5,5,900,1,2,3,1,3,184,LESSEPS (AVENUE DE),M,4727285.0,-221855.0,440
201500003426,15,10,9,1100,2,2,1,1,6,123,29 AV P.ET M. CURIE,M,4516850.0,155760.0,190
201500047405,15,9,29,810,1,1,1,1,3,687,AUTOROUTE A6,,,,910
201500044420,15,8,10,1417,1,2,3,1,6,4,NAPOLEON COURS APRES BEV,M,4192816.0,873859.0,201
201500044715,15,6,19,829,1,1,1,1,2,51,A4,M,4883580.0,256042.0,930
201500037902,15,3,11,2005,5,2,3,1,3,24,"54-56, VICTOR HUGO (BD)",,,,920
201500014505,15,6,15,1550,1,2,1,1,6,55,"11, FRÉDÉRIC CHEVILLON (",M,4330071.0,538550.0,130
201500036579,15,12,26,930,1,2,4,1,3,27,SEMBAT (AVENUE MARCEL),M,4870777.0,237899.0,910
201500036474,15,5,11,829,1,2,1,1,6,21,CASSIN RENE (RUE),,,,910
201500003789,15,4,11,1500,1,1,2,1,3,406,,M,4368910.0,82621.0,320
201500004071,15,10,26,1730,1,1,1,1,1,148,,M,0.0,0.0,820
201500037670,15,10,5,2200,5,2,2,2,6,12,"36, SILLY (RUE DE) 1/87",,,,920
201500025874,15,5,5,1338,1,2,1,1,6,185,38 RUE DES EAUX CLAIRES,M,4517621.0,570919.0,380
201500033404,15,5,20,1830,1,2,2,1,3,351,"20,R D INGOUVILLE",M,4949749.0,10941.0,760
201500021580,15,6,29,1040,1,2,1,1,6,19,"280, HEMINGWAY ERNEST",M,4838537.0,-447955.0,290
201500049396,15,10,28,1900,2,1,1,3,2,303,Autoroute A31,M,4920013.0,617025.0,570
201500046760,15,11,10,1914,3,1,1,1,4,50,A86,,,,920
201500006205,15,7,31,1430,1,1,1,1,1,519,PV,M,0.0,0.0,670
201500031573,15,11,7,1931,1,2,1,1,4,445,42 AV JEAN MERMOZ,M,4330902.0,-37678.0,640
201500013843,15,1,15,1330,1,2,1,1,7,55,AVE SALVADOR ALLENDE,,,,130
201500006668,15,10,1,1430,1,1,1,1,1,181,,M,4846460.0,529854.0,520
201500049175,15,10,7,904,1,1,1,2,4,63,ROCADE A 630,M,4488225.0,-54895.0,330
201500037524,15,1,7,830,1,2,1,1,6,12,REINE (ROUTE DE LA) 82/F,,,,920
201500027368,15,3,1,1430,1,2,1,1,6,7,"10, BREMONT",M,4746601.0,-55939.0,490
201500026392,15,4,5,1537,1,2,3,1,3,218,"20, VIAL JEAN HIPPOLYTE",M,4543514.0,443718.0,420
201500036763,15,2,7,1815,5,2,2,1,1,657,PAUL VAILLANT COUTURIER,,,,910
201500042246,15,5,1,145,5,2,3,2,2,22,STALINGRAD/STALINGRAD,,,,940
201500003074,15,9,9,1545,1,1,1,1,7,31,,M,0.0,0.0,860
201500015807,15,3,4,1815,1,2,1,1,6,55,"45, RUE DU PORTAIL",M,4328763.0,539690.0,130
201500026024,15,4,4,1443,1,2,3,2,6,198,"0, VIEUX CHATEAU (RUE DU",,,,390
201500045224,15,2,23,1000,1,1,1,1,2,18,AUTOROUTE A15,,,,950
201500047505,15,11,4,1830,2,1,1,1,2,182,AUTOROUTE A6,,,,910
201500044882,15,10,1,840,1,1,1,1,3,28,RN406.W,M,4877970.0,244157.0,940
201500006737,15,11,12,1800,2,1,1,1,1,78,,M,4785798.0,442944.0,210
201500019661,15,7,21,1625,1,2,5,1,6,415,"1, TOMBOUCTOU AVENUE DE",M,4573894.0,-65362.0,170
201500041414,15,10,24,2100,5,2,4,1,2,66,"""STALINGRAD (AVENUE), NR",,,,930
201500039278,15,10,27,1830,2,2,1,1,6,64,"101, BUZENVAL",,,,920
201500029920,15,7,7,1810,1,2,1,1,6,350,DUBUISSON EMILE BOULEVAR,M,5063125.0,307697.0,590
201500037198,15,11,4,1710,2,2,2,1,3,589,PERI (AVENUE GABRIEL),M,4868874.0,235581.0,910
201500028419,15,5,27,1505,1,2,2,1,3,329,RUE ERNEST BICHAT,M,4859240.0,650906.0,540
201500003841,15,8,20,1200,1,2,1,1,7,370,,M,4389110.0,77257.0,320
201500044744,15,7,3,1955,1,1,1,1,3,294,A104,,,,770
201500043579,15,1,21,1540,1,2,2,1,3,80,"., REPUBLIQUE (AV DE LA)",,,,940
201500048712,15,7,4,2245,5,2,2,1,3,386,"1, BROTTEAUX (DES)",M,0.0,0.0,690
201500037620,15,7,3,2125,2,2,1,1,5,12,"54 bis, EDOUARD VAILLANT",,,,920
201500027085,15,1,26,1030,1,2,2,1,6,184,BARBUSSE (RUE HENRI),M,4727570.0,-222158.0,440
201500048976,15,12,23,1610,1,2,1,1,6,388,"26, HENRI BARBUSSE",,,,690
201500027512,15,6,5,1710,1,2,1,1,3,7,"28, CUSSONEAU",M,4747012.0,-53154.0,490
201500019691,15,5,8,845,1,1,1,1,3,270,,M,4356084.0,384933.0,340
201500025220,15,4,1,1522,1,2,3,1,2,63,RUE ABBAYE/AV DE GAULLE,M,4682580.0,170049.0,360
201500019909,15,8,30,1100,1,1,2,1,3,23,,M,4668832.0,502658.0,710
201500042671,15,6,8,830,1,2,1,1,3,37,"3, GALLIENI (AV)",,,,940
201500027699,15,12,5,1037,1,2,3,1,6,7,LAITERIE IMPASSE ET PLAC,M,4747524.0,-56257.0,490
201500001857,15,4,22,1300,1,1,1,1,1,38,la lande des vents,M,4718929.0,-199054.0,440
201500011608,15,12,22,2200,3,1,1,1,1,580,RD 16,M,4908530.0,254470.0,950
201500035412,15,12,19,1100,1,2,1,1,6,144,"2, BRIAND (AVE ARISTIDE)",M,4313791.0,598536.0,830
201500035542,15,3,25,830,1,1,1,1,1,166,RD 32,M,4653419.0,-175095.0,850
201500026022,15,3,24,1620,1,2,1,7,6,198,"34, POMPIDOU (AV GEORGES",,,,390
201500049968,15,1,25,1850,3,1,1,1,4,71,A51-Sens Aix en*Provence,,,,130
201500045879,15,9,25,945,1,1,1,1,7,5,AUTOROUTE A3,M,4893820.0,247979.0,930
201500021714,15,6,28,820,1,1,1,1,7,39,SAINT LAURENT (CHEMIN DE,M,4754157.0,-356427.0,290
201500034937,15,8,20,1930,1,2,1,1,6,121,"853, RAMIEROU (RUE DU)",M,4401654.0,138319.0,820
201500051628,15,4,25,40,5,2,2,1,6,108,"1, RUE DE LA PEPINIERE",,,,750
201500030343,15,7,23,2200,5,2,1,1,6,599,LECLERC (RUE DU MARECHAL,,,,590
201500017522,15,8,15,2145,3,1,1,1,6,233,,M,0.0,0.0,580
201500054363,15,12,2,1610,1,2,1,1,3,116,"14, AVENUE DU GENERAL CL",,,,750
201500006779,15,4,19,1230,1,1,1,1,3,160,,M,0.0,0.0,580
201500049683,15,6,15,730,1,1,1,8,3,297,A47   0.000  A 1.657,,,,690
201500000225,15,5,13,930,1,2,1,1,5,718,RD42 Rue d'Arras,M,5029934.0,288737.0,620
201500003081,15,2,3,1645,1,1,1,1,7,15,,M,0.0,0.0,860
201500057135,15,8,15,1115,1,1,1,1,1,132,,A,0.0,0.0,971
201500027825,15,2,26,1930,4,2,3,1,3,129,AV NORMANDIE/PLYMOUTH,M,4963070.0,-162299.0,500
201500018381,15,6,12,800,1,1,1,2,6,268,,M,0.0,0.0,710
201500023121,15,7,30,1700,1,2,1,1,4,13,ROUGET DE LISLE,M,4364570.0,59127.0,320
201500031947,15,5,18,1215,1,2,2,1,3,136,SAINTE-BARBE CHEMIN,M,4267316.0,285813.0,660
201500014085,15,2,11,2145,5,2,2,1,6,55,"00, RUE COLBERT",M,4329926.0,537413.0,130
201500014983,15,8,20,1920,1,2,1,1,6,55,"58, CAPELETTE (AVENUE DE",M,4328235.0,540494.0,130
201500042561,15,7,28,2200,2,2,6,2,3,33,STALINGRAD (AV DE),,,,940
201500054859,15,3,7,1320,1,2,1,1,6,118,"38, RUE ORDENER",,,,750
201500058131,15,11,28,1920,1,1,1,1,6,409,"125, DU CENTRE(CHEMIN)",R,2094048.0,5564815.0,974
201500021085,15,7,8,1315,1,1,1,1,5,439,,M,0.0,0.0,390
201500058590,15,7,23,1050,1,1,1,1,3,611,mamoudzou centre-Cimetié,Y,0.0,0.0,976
201500036435,15,1,26,1200,1,2,6,2,3,552,RD PT DU 19 MARS 1962,,,,910
201500017929,15,3,11,1615,1,2,4,1,3,259,Avenue de l'aublette,M,4844759.0,-208648.0,220
201500020252,15,8,19,2130,3,1,1,1,7,144,,M,4776886.0,749913.0,680
201500023272,15,3,21,1530,1,2,1,2,6,522,AVE ROUL -ACCES AU BUS-,M,4480670.0,-59249.0,330
201500014159,15,2,3,840,1,2,1,1,1,55,"134, BD DE STRASBOURG",M,4330976.0,537956.0,130
201500053650,15,1,26,2305,5,2,2,1,2,115,"27, RUE DE LA CONVENTION",,,,750
201500029643,15,12,7,2040,3,1,1,1,2,329,JOFFRE (RUE DU MARECHAL),M,5034380.0,309156.0,590
201500046090,15,11,28,910,1,1,1,1,6,5,AUTOROUTE A3,,,,930
201500025046,15,10,15,750,4,2,2,1,3,238,"00, BRIAND (AVENUE ARIST",M,4811008.0,-165983.0,350
201500051023,15,1,22,1250,1,2,2,1,1,105,"60, BOULEVARD SAINT MARC",,,,750
201500058066,15,11,28,1630,1,1,1,1,7,407,ROUTE NATIONALE N° 1,R,2095678.0,5531000.0,974
201500004188,15,5,7,1615,1,2,1,1,3,298,grande rue,M,0.0,0.0,690
201500040399,15,7,9,1045,1,2,2,1,1,29,"10, EMILE DESPREZ",,,,930
201500028633,15,9,8,745,1,2,1,1,6,395,"11-13, LIGIER RICHIER (Q",,,,540
201500015200,15,9,27,2043,5,2,3,1,1,55,"13, SAINT JULIEN (AVENUE",M,4330444.0,541455.0,130
201500045606,15,6,23,730,1,1,1,1,3,252,AUTOROUTE A15,,,,950
201500038483,15,9,21,2015,5,2,1,1,6,40,"34, GUYNEMER",,,,920
201500022182,15,11,4,2120,5,2,1,1,7,189,ARENES (BOULEVARD),,,,300
201500044402,15,5,23,500,5,2,1,1,6,4,"14, ROSSINI PASCAL BD",M,0.0,0.0,201
201500013890,15,4,19,1805,1,2,1,8,6,55,"215, CHAVE (BOULEVARD)",M,4329587.0,540051.0,130
201500019793,15,6,23,1600,1,2,2,1,3,202,CARREFOUR MONUMENT MORTS,M,4589640.0,110581.0,870
201500057040,15,6,26,1345,1,2,9,1,1,103,RN 2,A,0.0,0.0,971
201500049285,15,3,26,2050,4,1,1,8,2,482,Autoroute A.35,,,,670
201500016014,15,11,15,250,3,1,1,1,7,32,saint gilles route RD38,,,,300
201500045721,15,8,6,1830,1,1,1,1,2,604,AUTOROUTE A1,,,,950
201500029729,15,8,16,400,5,2,1,1,6,183,"181, DOUVRES",M,5102547.0,224369.0,590
201500030279,15,2,16,1657,1,2,1,1,6,526,PARKING NOTRE DAME DES A,M,,,590
201500026811,15,6,22,1800,1,2,7,1,6,109,"00, PLACE PIERRE MENDES",M,4720830.0,-161146.0,440
201500006129,15,6,7,1700,1,2,1,1,6,130,cd426 montée pont sncf,M,0.0,0.0,670
201500044030,15,4,7,1602,1,1,2,1,3,14,RTE DE LA CROIX BLANCHE,M,4901170.0,230490.0,950
201500047522,15,11,17,310,3,1,1,2,6,34,AUTOROUTE A86,M,4875600.0,233464.0,940
201500033606,15,2,16,1630,1,2,4,1,6,540,"58, RTE DE BONSECOURS",M,4943292.0,110797.0,760
201500052121,15,3,6,1905,5,2,1,2,6,110,"124, BOULEVARD DE MAGENT",,,,750
201500010269,15,1,22,1515,1,2,1,1,1,69,"21, CAPUCINS (CHEMIN ET",M,4365320.0,692903.0,60
201500039186,15,12,17,1000,1,2,2,1,6,63,"****, DAGUERRE (RUE JACQ",,,,920
201500011322,15,8,21,1850,1,2,1,1,7,186,"1, DUPIN (AVENUE JACQUES",M,4472199.0,461046.0,70
201500002981,15,4,25,1415,1,1,1,1,6,425,,M,4339580.0,-117614.0,640
201500053426,15,4,4,620,5,2,2,2,3,114,"84, BOULEVARD ARAGO",,,,750
201500049272,15,3,2,725,1,2,1,2,6,385,"185, CHEMIN DE CHOULANS",,,,690
201500011307,15,6,11,1645,1,2,1,1,3,38,GN 49.486 5.965,M,0.0,0.0,570
201500017944,15,10,17,1830,2,1,1,1,2,212,kerbry,M,4868235.0,-321236.0,220
201500025645,15,9,25,755,1,2,1,1,7,208,AVENUE DE  BEAUGAILLARD,M,0.0,0.0,370
201500008240,15,2,14,730,2,1,1,2,6,176,,M,4363571.0,405574.0,340
201500050416,15,11,24,2130,5,1,1,1,7,55,A557-Liaison A7 Marseill,M,0.0,0.0,130
201500005266,15,9,9,1300,1,2,4,1,3,224,75 RUE DU COTEAU,M,0.0,0.0,740
201500038005,15,2,11,1015,1,2,1,1,6,25,"454, GABRIEL PERI (RUE)",,,,920
201500054452,15,2,15,1530,1,2,1,1,3,117,"28, RUE ANDRE BRECHET",,,,750
201500021760,15,11,24,1730,5,2,1,1,6,224,11 Rue Principale,M,0.0,0.0,570
201500033665,15,6,2,1545,1,2,1,1,6,410,"114, R DES MARTYRS",M,4948208.0,104526.0,760
201500012466,15,12,7,745,1,2,6,1,6,112,CD 20,M,0.0,0.0,130
201500000972,15,12,1,1100,1,1,9,1,6,220,,M,4801235.0,-143604.0,350
201500033449,15,7,25,230,3,1,1,2,6,305,RTE INDUSTRIELLE,M,4948677.0,21115.0,760
201500044435,15,11,12,1500,1,2,1,1,6,4,NAPOLEON COURS AVANT BEV,M,4192474.0,873795.0,201
201500000274,15,9,13,2300,4,1,1,2,3,443,,M,5043883.0,265640.0,620
201500027818,15,1,27,1600,1,1,1,1,5,328,RD347,M,4724740.0,-10513.0,490
201500057600,15,4,22,1240,1,2,1,1,3,302,"80, MONTABO (ROUTE DE) 1",G,0.0,0.0,973
201500002352,15,12,5,915,1,2,1,7,6,47,25 Chemin des Taraudière,M,4685874.0,-187167.0,850
201500041687,15,5,26,620,1,2,1,1,3,78,BALLANGER (BD ROBERT),,,,930
201500048874,15,10,31,1350,1,2,2,1,3,383,"300, PAUL BERT",M,0.0,0.0,690
201500042434,15,7,3,2110,1,2,1,1,6,28,"0, CHOISY(ROUTE DE)",,,,940
201500035769,15,8,26,2205,5,2,1,1,6,194,"1, VAUDOUZIL (RUE DE)",M,4650000.0,36000.0,860
201500026794,15,6,7,1045,1,2,1,1,6,109,RUE DE LA PAIX,M,4721460.0,-155432.0,440
201500047821,15,3,26,320,5,2,1,1,6,385,"13, COMMANDANT CHARCOT (",M,4575230.0,479880.0,690
201500033541,15,11,18,945,1,2,3,1,3,351,"44, AV PABLO PICASSO",M,4950276.0,15288.0,760
201500049156,15,9,17,2220,3,1,1,1,4,318,ROCADE A 630,M,4480204.0,-65869.0,330
201500011903,15,12,18,1430,1,1,1,1,5,301,CHAUCHERE,M,0.0,0.0,260
201500015258,15,10,5,2000,5,2,1,1,6,55,"216, MADRAGUE DE MONTRED",M,4323153.0,535526.0,130
201500034175,15,5,21,1755,1,1,1,1,3,118,ROUTE NATIONALE 3,M,4894323.0,266119.0,770
201500058276,15,11,10,1800,2,2,1,1,7,416,"1, ALBANY (RUE JEAN)",R,2133865.0,5546510.0,974
201500008908,15,11,1,445,3,1,1,1,7,169,,M,0.0,0.0,202
201500054729,15,11,8,400,5,2,1,1,2,117,"40, BOULEVARD GOUVION SA",,,,750
201500014086,15,5,7,1120,1,2,5,1,1,55,"237, LIBERATION (BOULEVA",M,4330279.0,539664.0,130
201500026444,15,8,2,331,5,2,1,1,6,218,"36, MARTYRS DE VINGRE",M,4543594.0,439023.0,420
201500034763,15,10,9,1420,1,2,1,1,7,21,"00, ALSACE LORRAINE (BOU",M,4989215.0,230761.0,800
201500041133,15,9,12,1120,1,2,1,3,3,55,"48, DIVISION LECLERC (AV",,,,930
201500036110,15,11,12,1324,1,2,1,1,7,85,"4, BLANC LOUIS (BOULEVAR",,,,870
201500041113,15,5,1,1345,1,2,1,2,2,55,"124, GENERAL LECLERC(AVE",,,,930
201500037655,15,9,14,1015,1,2,3,2,3,12,VAUTHIER (RUE),,,,920
201500030296,15,1,6,1700,2,2,1,1,6,599,FAIDHERBE (RUE ),,,,590
201500020791,15,10,15,1850,5,1,1,1,1,198,MEYROL,M,0.0,0.0,260
201500024927,15,7,9,1515,1,2,2,1,3,281,"00, MERMOZ (BOULEVARD JE",M,4809638.0,-169262.0,350
201500028494,15,12,23,1300,1,2,6,2,3,274,FAURE (RUE GABRIEL),,,,540
201500045471,15,5,5,1550,1,1,1,1,2,306,AUTOROUTE A15,,,,950
201500030431,15,5,12,1230,1,2,1,1,7,564,"80, SALENGRO (RUE ROGER)",M,5035194.0,348263.0,590
201500043288,15,1,8,1050,1,2,2,2,3,68,ROCHER (AV DU),,,,940
201500010103,15,3,21,1641,1,2,1,1,6,29,BROUSSAILLES (AVENUE DES,,,,60
201500033816,15,1,16,240,5,2,1,1,7,540,BD GAMBETTA,M,4943886.0,110850.0,760
201500053632,15,12,18,1500,1,2,3,1,3,115,"32, RUE CHAUVELOT",,,,750
201500017812,15,6,29,1215,1,1,1,1,3,284,,M,4860660.0,-196816.0,350
201500044825,15,9,7,1555,1,1,1,1,1,373,RN104,,,,770
201500025695,15,10,21,1220,1,2,1,1,3,261,34 AV  MAGINOT,M,0.0,0.0,370
201500044006,15,6,21,2335,5,2,1,1,6,427,R JEAN MISSOUT,M,4896850.0,234340.0,950
201500042381,15,3,25,1120,1,2,1,1,2,28,"217, LECLERC.(RUE DU GEN",,,,940
201500005762,15,1,23,2030,3,2,1,8,6,644,,M,0.0,0.0,570
201500052791,15,6,30,2250,5,2,1,1,6,112,SOUTERRAIN CHALON,,,,750
201500020202,15,11,28,1615,1,2,1,1,6,31,MAZAUD (LIEU-DIT),M,4514370.0,147355.0,190
201500056775,15,9,18,530,2,1,1,1,6,125,,A,0.0,0.0,971
201500046092,15,11,29,530,3,1,1,2,6,5,AUTOROUTE A3,,,,930
201500005107,15,6,15,830,1,1,1,1,6,52,,M,4616673.0,415880.0,420
201500023330,15,4,14,1445,1,2,2,1,3,281,AV MAGUDAS/ROC OUEST,M,4485740.0,-66018.0,330
201500023315,15,4,6,1650,1,2,6,1,3,318,AVE DE MAGELLAN,M,4478640.0,-66471.0,330
201500002009,15,7,11,1130,1,2,1,1,1,47,rue des caves,M,4724751.0,-38397.0,490
201500014447,15,6,10,635,1,2,3,1,6,55,"1, CORINTHE (AVENUE DE)",M,4328488.0,539064.0,130