Num_Acc,an,mois,jour,hrmn,lum,agg,int,atm,col,com,adr,gps,lat,long,dep
201500043260,15,6,2,1730,1,2,1,1,6,52,MADELEINE SMITH CHAMPION,,,,940
201500037787,15,3,13,1000,1,2,1,1,2,23,"92, JEAN BAPTISTE CLEMEN",,,,920
201500043232,15,10,16,740,2,2,1,2,3,15,"20, JEAN GRANDEL (R)",,,,940
201500036459,15,2,21,545,5,2,1,2,2,425,RN 20,,,,910
201500012832,15,7,22,1525,1,2,1,1,2,262,KENNEDY (AVENUE DU PRESI,M,4318541.0,300991.0,110
201500022531,15,2,18,1350,1,2,1,1,7,555,"123, RTE D ALBI",,,,310
201500008914,15,8,2,15,5,2,9,1,1,251,Morta,M,0.0,0.0,202
201500057950,15,3,16,808,1,1,1,1,3,302,"1380, MONTABO (ROUTE DE)",G,0.0,0.0,973
201500038254,15,1,31,1220,1,2,3,2,3,35,"44, National ( boulevard",,,,920
201500044392,15,4,6,2330,5,1,1,1,7,4,Rte CAMPO DELL ORO,M,4192036.0,879240.0,201
201500054866,15,3,13,1810,3,2,5,1,6,118,"63, RUE RAMEY",,,,750
201500057054,15,12,7,1630,1,1,1,1,7,612,,Y,0.0,0.0,976
201500053300,15,10,28,730,1,2,3,2,2,113,"50, AVENUE PIERRE MENDES",,,,750
201500021856,15,9,7,1520,1,2,1,1,2,232,"92, TY BOS AVENUE DE",M,4797764.0,-407019.0,290
201500049641,15,5,12,2120,5,1,1,1,2,382,A7   0.000 A 2.278,,,,690
201500028250,15,12,26,1800,5,2,1,1,6,454,RUE DU GRAND CREDO,M,4925487.0,403524.0,510
201500048634,15,6,11,1420,1,2,3,1,3,383,"., MARECHAL DE SAXE",,,,690
201500002550,15,6,20,2315,3,1,2,1,3,395,,M,4525843.0,-80263.0,330
201500023731,15,8,28,1215,1,2,1,1,2,39,RTE DE TOULOUSE,M,4479462.0,-56775.0,330
201500054641,15,8,10,825,1,2,1,1,6,108,VOIE GEORGES POMPIDOU,,,,750
201500054624,15,7,20,1945,1,2,5,1,3,117,"80, AVENUE DE WAGRAM",,,,750
201500057327,15,10,2,1330,1,1,3,1,3,101,"00, PAGES",A,,,971
201500044333,15,9,22,1140,1,2,1,2,6,268,AV DE STALINGRAD,M,4896910.0,241220.0,950
201500002332,15,9,4,1730,1,1,1,1,1,31,,M,4680100.0,-94100.0,850
201500049097,15,6,23,840,1,1,1,1,6,39,RN 230,M,4480382.0,-53255.0,330
201500019634,15,3,23,1730,1,2,1,1,6,415,"1, ABBAYE PLACE DE L'",M,4574457.0,-62435.0,170
201500028773,15,1,9,1650,5,2,1,2,3,395,"12, BERTIN (RUE EMILE)",,,,540
201500033510,15,10,8,1600,1,2,1,1,6,351,"221, R ARISTIDE BRIAND",M,4950008.0,13193.0,760
201500047174,15,6,9,940,1,1,1,1,3,3,AUTOROUTE A6B,M,4880080.0,234372.0,940
201500051882,15,12,11,630,5,2,5,1,3,108,PLACE GABRIEL PERI,,,,750
201500018296,15,6,28,1715,1,1,1,1,7,380,,M,0.0,0.0,630
201500002762,15,11,2,755,1,1,1,1,1,310,,M,4373734.0,-129521.0,400
201500004156,15,5,26,945,1,1,1,1,6,191,,M,0.0,0.0,690
201500000730,15,4,30,1400,1,1,1,2,6,96,,M,4887118.0,68036.0,270
201500013048,15,5,18,1745,1,2,1,1,6,1,BELTAGUY PAUL (TRAVERSE),,,,130
201500000829,15,8,21,2045,1,1,1,1,7,94,,M,4835587.0,-172538.0,350
201500018394,15,10,20,815,3,1,1,1,4,558,,M,4649189.0,524344.0,710
201500009539,15,10,27,715,2,1,1,1,1,132,,M,4809656.0,136877.0,280
201500051111,15,7,29,2330,5,2,2,1,3,105,"39, BOULEVARD SAINT GERM",M,,,750
201500047126,15,5,14,1805,1,1,1,8,6,3,AUTOROUTE A6A,M,4880810.0,234045.0,940
201500048699,15,7,9,1645,1,2,1,1,6,388,ALBERT THOMAS,M,4574160.0,484916.0,690
201500036286,15,11,18,1110,1,1,1,1,1,387,"0, D606",M,4817237.0,329496.0,890
201500011602,15,8,13,1830,1,1,1,1,6,45,,M,4810357.0,-96180.0,530
201500022326,15,11,11,1830,3,1,1,1,1,132,,M,4851842.0,614102.0,540
201500006197,15,8,1,1445,1,1,1,1,1,173,,M,0.0,0.0,670
201500039477,15,6,7,1655,1,2,2,1,7,46,"1, CAMELINAT",,,,920
201500037774,15,2,5,1930,5,2,1,1,6,23,"., ROUTE DE VERSAILLES",,,,920
201500016512,15,11,22,2330,5,2,1,1,6,53,Rue Henri Dunant,M,4967623.0,498701.0,80
201500029615,15,4,22,1715,1,2,1,1,6,361,HUGO (R. VICTOR),,,,590
201500022611,15,5,15,1147,1,2,1,2,2,555,"29 BIS, AV M BOURGES MAU",,,,310
201500003121,15,5,15,645,2,1,1,8,6,308,Champlaurier,M,4588679.0,47844.0,160
201500030895,15,11,24,2146,3,1,1,1,6,193,A216,,,,620
201500033416,15,6,8,900,1,2,1,1,3,351,"9, CHS JOHN KENNEDY",M,4948454.0,10452.0,760
201500024334,15,12,16,1735,5,2,9,1,3,3,"IGNORE, SETE ( ROUTE)",M,4331080.0,348079.0,340
201500007271,15,7,1,445,2,1,1,1,1,20,,M,4758700.0,611700.0,700
201500038500,15,12,15,1515,1,2,1,1,3,40,"32, GENERAL LECLERC (DU)",,,,920
201500026098,15,5,9,1430,1,2,2,1,1,18,BESNARD (QUAI ULYSSE),M,4757800.0,132100.0,410
201500005804,15,10,1,830,1,2,1,7,6,474,Rue du docteur Marchal,M,0.0,0.0,570
201500046736,15,10,28,538,3,1,1,2,6,36,A86,,,,920
201500017080,15,3,29,2330,5,1,1,1,1,519,,M,4338694.0,-38049.0,640
201500017419,15,10,31,1230,1,1,1,1,3,180,,M,4835300.0,32000.0,720
201500023331,15,4,14,1540,1,2,3,1,3,63,CRS D'ALBRET,M,4483230.0,-57941.0,330
201500047630,15,12,31,940,1,1,1,1,6,286,AUTOROUTE A6,M,4864889.0,238554.0,910
201500051915,15,2,4,1835,5,2,5,1,6,109,"17, BOULEVARD DE ROCHECH",,,,750
201500027892,15,6,15,800,1,2,1,1,3,602,RUE DU GNAL DE GAULLE,M,4963870.0,-156406.0,500
201500026303,15,8,8,1930,2,2,1,2,7,187,"57, DOURDEIN (RUE AUGUST",M,4604095.0,405476.0,420
201500001073,15,5,11,1045,1,2,1,1,6,58,24 rue de cornouaille,M,4789340.0,-401168.0,290
201500013730,15,4,5,2340,5,2,1,1,3,55,LITTORAL (CHEMIN DU),,,,130
201500001183,15,7,30,1500,1,2,1,1,1,279,rue de mescurunec,M,4859771.0,-393397.0,290
201500048918,15,11,18,810,1,2,1,1,6,259,"2, IRENE JOLIOT CURIE",M,4572220.0,487253.0,690
201500020748,15,3,27,1545,1,2,1,1,3,571,Avenue Biblocq,M,5045172.0,161476.0,620
201500045931,15,10,9,915,1,1,1,1,2,7,AUTOROUTE A1,,,,930
201500035827,15,10,27,1025,1,2,2,1,3,194,"., CARMES (RUE DES)",M,4658172.0,35014.0,860
201500003759,15,11,15,430,3,1,1,1,7,163,,,,,120
201500037434,15,10,16,1500,1,2,1,1,3,4,"90, MENIL",,,,920
201500006316,15,7,10,1815,1,1,1,1,6,4,,M,4762677.0,724280.0,680
201500041762,15,6,25,2030,1,2,3,1,6,2,REVOLUTION (QU DE LA),,,,940
201500040658,15,12,17,2110,5,2,1,1,6,63,"1, MONTREUIL ROUTE DE",,,,930
201500054054,15,4,16,1340,1,2,1,1,6,116,"13, RUE DU GENERAL DELES",,,,750
201500047084,15,4,25,903,1,1,1,8,6,617,RN 104,,,,910
201500048819,15,10,3,1245,1,2,1,2,6,386,"28, JULES FAVRE",,,,690
201500016393,15,5,12,1350,1,2,2,1,6,118,"0, CLEMENCEAU (AVENUE GE",M,4918820.0,-35171.0,140
201500042585,15,12,7,1155,1,2,5,1,6,33,REPUBLIQUE (AV DE LA),,,,940
201500010759,15,3,4,1815,3,2,1,1,6,88,"43, PAPE JEAN XXIII (BD)",,,,60
201500003699,15,1,31,1800,1,1,1,4,1,56,,M,4428420.0,242687.0,120
201500008582,15,6,1,1815,1,1,1,1,3,30,,M,4405459.0,428512.0,300
201500016649,15,10,15,1315,1,2,3,1,3,366,"27, FOURNET (RUE)",M,4913810.0,22721.0,140
201500016003,15,9,18,1910,1,1,4,1,3,108,CD 35 ROUTE DE BOULBON,M,4384625.0,467802.0,130
201500031159,15,12,22,1540,1,2,1,7,6,69,MERMOZ (RUE JEAN),M,4572826.0,318584.0,630
201500010539,15,3,29,1848,1,2,9,1,3,83,"21, ASTRID (PROMENADE RE",,,,60
201500053538,15,8,24,2130,5,2,2,2,6,114,AVENUE DE LA PORTE DE MO,,,,750
201500008926,15,10,8,1430,1,2,1,1,6,319,Lieu dit Valle Longhe,M,0.0,0.0,202
201500002886,15,12,16,1345,1,1,1,1,7,64,LIEU-DIT RIVEMPLE,M,4438500.0,90948.0,470
201500022893,15,10,16,1900,1,2,1,1,3,555,"291, SEYSSES (RTE DE) DU",,,,310
201500009235,15,1,27,1045,1,1,1,2,2,192,,M,0.0,0.0,770
201500034644,15,12,15,915,1,1,2,1,5,259,ROUTE DE BRESSUIRE,M,4696185.0,-21177.0,790
201500054195,15,7,15,220,5,2,7,1,2,116,"61, AVENUE DE LA GRANDE",,,,750
201500055136,15,1,20,740,5,2,1,1,1,119,BOULEVARD MACDONALD,,,,750
201500032307,15,7,6,945,1,2,1,1,1,482,"0, MONTAGNE VERTE (RUE D",M,4856970.0,772862.0,670
201500041817,15,11,6,2240,5,2,3,1,3,71,"., GARE (PL DE LA)",,,,940
201500030382,15,12,11,1805,5,2,1,2,6,599,"211, GUERRE (RUE FIN DE",,,,590
201500058214,15,1,2,1810,2,1,1,1,7,416,RN1 (ROUTE NATIONALE),R,0.0,0.0,974
201500033421,15,6,14,1402,1,2,1,1,7,351,R GENERAL ROUELLE,M,4950307.0,13080.0,760
201500015020,15,8,31,1600,1,1,1,1,6,55,"162, BAILLE (BOULEVARD)",M,4328834.0,539347.0,130
201500020481,15,2,5,1630,1,2,6,1,2,278,"0, SEMARD (PIERRE)",M,4850865.0,-277170.0,220
201500030728,15,3,23,1330,1,1,1,1,1,234,,M,4940030.0,242013.0,600
201500048440,15,1,20,1715,2,2,2,2,6,386,COURS VITTON,M,4577210.0,484463.0,690
201500057000,15,1,18,645,1,1,1,2,3,422,,R,0.0,0.0,974
201500028864,15,7,4,1825,1,1,1,1,6,236,CD 964,,,,550
201500021995,15,3,17,735,2,2,3,2,3,189,PRIMEVERES (CHEMIN),M,4385481.0,432175.0,300
201500058518,15,3,29,1910,5,1,6,1,2,611,passamanty-Vahib? ( rout,Y,0.0,0.0,976
201500035098,15,1,30,1330,1,2,1,1,6,129,LERY (BOULEVARD DE),M,4311661.0,584869.0,830
201500005978,15,4,21,1630,1,2,1,7,6,122,PLACE CHARLES DE GAULLE,M,0.0,0.0,550
201500054754,15,11,23,1000,1,2,1,1,2,117,"97, RUE DE TOCQUEVILLE",,,,750
201500009710,15,7,10,1100,1,2,2,1,5,72,LES FAUCHERIES/LOGES,M,0.0,0.0,370
201500015398,15,10,27,1205,1,2,1,1,6,106,"94A, 8 MAI 1945 (AVENUE",M,4339913.0,536788.0,130
201500051769,15,9,13,235,5,2,2,1,5,108,"37, AVENUE DES CHAMPS EL",,,,750
201500049829,15,12,17,1759,5,1,1,1,4,29,RD383   7.640 A 11.044,,,,690
201500023696,15,8,21,110,5,2,3,1,3,63,CRS DE LA SOMME,M,4482330.0,-57256.0,330
201500010497,15,9,24,2105,5,2,2,1,6,83,"32, REPUBLIQUE (RUE DE L",M,4377510.0,749350.0,60
201500053189,15,7,23,1900,1,2,3,1,3,113,"142, AVENUE DE LA PORTE",,,,750
201500000222,15,11,2,745,2,1,2,5,4,557,,M,5033064.0,271750.0,620
201500017680,15,10,28,1230,1,1,1,1,7,383,,M,0.0,0.0,20
201500000463,15,8,4,1030,1,1,1,1,6,452,,M,4920796.0,205084.0,600
201500019818,15,9,4,2015,2,1,1,1,7,32,la ville es pourvais,M,4827686.0,-215520.0,220
201500030834,15,10,9,2315,4,2,6,1,7,276,LONDRES (AVENUE DE),M,5052163.0,281841.0,620
201500040180,15,5,15,915,1,2,1,1,2,57,"183, PASTEUR (BD) 141 A",,,,930
201500012693,15,11,7,1830,3,1,1,1,6,394,,M,4510112.0,523634.0,380
201500035404,15,12,1,730,1,2,1,1,2,62,DE LATTRE DE TASSIGNY (A,M,4311302.0,599669.0,830
201500039303,15,12,16,1325,1,2,1,1,3,76,"55, PUITS",,,,920
201500035723,15,6,19,115,5,2,1,1,6,194,"27 BIS, SOUS BLOSSAC (BO",M,4657202.0,32918.0,860
201500021957,15,10,20,1830,2,2,3,1,4,7,RIBOT (AVE GASTON),M,4413517.0,408968.0,300
201500047997,15,7,11,2145,2,2,1,1,6,382,DOCTEUR GAILLETON (DU),,,,690
201500016173,15,9,11,1805,1,2,1,1,2,71,ROUTE NATIONALE 368 (VIL,M,0.0,0.0,130
201500035147,15,10,4,315,5,2,9,2,6,123,"326, SOLEIL (CORNICHE) N",M,4312240.0,580153.0,830
201500022426,15,3,27,2045,5,2,1,1,3,555,"999, RTE D AGDE",,,,310
201500003639,15,7,7,830,1,1,3,1,3,570,,M,0.0,0.0,310
201500057251,15,1,18,2312,5,1,1,1,5,120,"RN 1, Secteur Pont de la",A,,,971
201500023831,15,10,1,935,1,2,2,1,3,200,AV MEDOC/BRET CANTINOLLE,M,4489340.0,-66904.0,330
201500023585,15,7,2,1350,1,2,1,1,2,119,"91, AVE JEAN JAURES",M,4485720.0,-53207.0,330
201500016715,15,9,14,1100,1,1,1,1,3,464,,M,4897292.0,114371.0,270
201500039709,15,11,26,1805,5,2,2,1,6,1,"149, LEOPOLD RECHOSSIERE",,,,930
201500051667,15,6,26,1300,1,2,3,1,3,108,"19, RUE TRONCHET",,,,750
201500023377,15,4,24,2105,5,2,1,1,3,522,"50, RUE DE TREMEUGE",M,4480320.0,-59079.0,330
201500026363,15,1,29,750,4,2,1,3,7,187,"22, AUGE (RUE JOANNY)",M,4603844.0,405215.0,420
201500024637,15,12,3,1904,5,2,1,1,6,172,"., BRINGUIER (AVENUE PAU",M,4361310.0,383894.0,340
201500021325,15,1,17,1800,2,1,1,8,2,73,,M,0.0,0.0,710
201500009961,15,1,28,2025,5,2,1,1,3,27,"91, VAL FLEURI CHEMIN DU",M,4366850.0,716658.0,60
201500047036,15,4,3,1800,1,1,1,2,3,161,AUTOROUTE A6,,,,910
201500038834,15,6,8,1520,1,2,1,9,2,50,PEUPLIERS RUE DES,,,,920
201500035622,15,11,18,1211,1,2,1,1,6,66,"83, PAGE (AVENUE CAMILLE",M,4680343.0,52864.0,860
201500038426,15,1,24,1510,1,2,3,8,3,40,MEUDON (DE),,,,920
201500027367,15,1,9,815,2,2,1,1,2,7,Bd AYRAULT,M,4747585.0,-54987.0,490
201500041698,15,7,2,1700,1,2,9,1,2,78,32 BALLANGER (BD ROBERT,,,,930
201500054427,15,1,20,2305,5,2,5,1,3,117,BOULEVARD DU FORT DE VAU,,,,750
201500048628,15,6,9,1640,1,2,1,1,6,388,"., VILLON (DE)",M,4572650.0,487779.0,690
201500056036,15,11,16,2010,5,2,3,2,3,116,AVENUE HENRI MARTIN,,,,750
201500051344,15,12,11,2100,5,2,5,1,3,106,"108, BOULEVARD RASPAIL",,,,750
201500007402,15,10,10,845,1,1,1,1,3,2,BLANCHE RONDE,M,0.0,0.0,260
201500024070,15,12,12,2103,5,2,2,1,3,63,RUE DES FRANCAIS LIBRES,M,4487540.0,-56895.0,330
201500045577,15,6,16,2350,3,1,1,1,2,78,AUTOROUTE A86,,,,920
201500026232,15,12,13,1400,1,2,1,1,6,184,"0, FONTAINE JEAN DE LA (",M,4606579.0,405874.0,420
201500017373,15,10,26,1115,1,1,1,1,6,584,,M,4881970.0,-90789.0,140
201500010951,15,7,25,1500,1,2,2,1,3,88,"30, ALBERTI (RUE)",M,4370093.0,727107.0,60
201500010566,15,1,6,1300,1,2,1,1,6,88,"127, LYAUTEY (AV. DU MAL",M,4371913.0,728310.0,60
201500023693,15,8,12,1450,1,2,1,1,4,550,RDPT SEEHEIM JUGENHEIM,M,4477982.0,-56984.0,330
201500046431,15,6,1,1730,1,1,1,1,2,362,A13,,,,780
201500028638,15,9,17,1625,1,2,1,1,2,395,PLACIEUX (RUE DU),,,,540
201500058623,15,9,9,820,1,2,1,1,3,611,tsoundzou-Cadjifouteni (,Y,0.0,0.0,976
201500029393,15,10,10,1910,3,2,1,1,6,221,"2, METZ (ROUTE DE)",M,4931917.0,615590.0,570
201500008644,15,11,14,1830,5,1,1,1,1,326,,M,4400764.0,473494.0,300
201500006725,15,7,25,530,2,1,1,6,7,210,,M,4724904.0,456546.0,210
201500035044,15,12,1,1210,1,2,6,1,6,61,RUE DE L'AVELAN,M,4343080.0,674926.0,830
201500014055,15,4,29,1730,1,1,1,1,7,2,ETIENNE CUCCA-CD908 (AVE,,,,130
201500043678,15,4,10,1200,1,2,1,1,6,81,GENERAL MALLERET JOINVIL,,,,940
201500040577,15,12,15,1040,1,2,3,2,3,32,VICTOR AUBRY  (RUE),,,,930
201500025741,15,11,19,1820,5,2,6,2,3,261,AV GUSTAVE EIFFEL,M,0.0,0.0,370
201500055469,15,3,6,1800,1,2,1,1,6,120,"S-8517, COURS DE VINCENN",,,,750
201500027211,15,1,6,430,5,2,1,1,2,285,TANGENTIELLE OUEST,M,4791201.0,186709.0,450
201500057973,15,3,27,2340,5,2,1,1,1,302,JUBELIN (BOULEVARD),G,0.0,0.0,973
201500008820,15,2,19,830,1,1,1,1,6,247,,M,4159987.0,920655.0,201
201500017054,15,10,18,45,4,2,1,1,6,170,rue eugene Melchor,M,4747514.0,251353.0,180
201500055645,15,10,25,430,5,2,1,1,6,111,"1, BOULEVARD RICHARD LEN",,,,750
201500017087,15,5,15,530,3,1,1,3,6,238,,M,4324621.0,-3860.0,640
201500015042,15,9,6,730,2,2,1,1,6,55,"199, CROIX ROUGE (AVENUE",M,4333502.0,544613.0,130
201500046032,15,10,8,1830,1,1,1,1,4,582,AUTOROUTE A15,,,,950
201500003496,15,9,18,815,1,2,1,1,3,417,Route de Lévignac RD24,M,0.0,0.0,310
201500038202,15,6,19,1730,1,2,1,1,7,26,VICTOR HUGO (DE 47 A FIN,,,,920
201500025176,15,12,26,1544,1,2,2,1,6,238,"00, BRETAGNE (PONT DE)",M,4810981.0,-168469.0,350
201500021589,15,7,26,1200,1,2,1,2,6,19,"2, CAILLE RENE",M,4840160.0,-451173.0,290
201500016583,15,11,9,1045,1,1,1,1,1,55,,M,0.0,0.0,480
201500000110,15,8,10,1445,1,1,1,1,1,529,,M,0.0,0.0,590
201500014015,15,4,30,1450,1,2,1,1,3,55,"274, POILUS (AVENUE DES)",M,4331669.0,546081.0,130
201500003804,15,6,24,1045,1,2,1,1,6,160,39 AV C DE GAULLE,M,4361340.0,108583.0,320
201500017118,15,7,1,1100,1,2,3,7,1,224,AV ML FOCH/R GARDE,M,4806018.0,205215.0,450
201500001633,15,10,15,1410,1,2,6,2,2,53,MARBOZ (route de - PAIRS,M,4622840.0,522936.0,10
201500056342,15,7,3,910,1,2,1,1,2,112,PORTE DOREE,,,,750
201500052324,15,2,28,226,5,2,2,1,6,111,"81, AVENUE PARMENTIER",,,,750
201500034510,15,11,7,1245,1,2,5,1,1,124,JEAN JACQUES ROUSSEAU (A,M,4891597.0,217783.0,780
201500009799,15,8,12,945,1,1,1,1,3,274,Parkou Royal,M,4802164.0,-367989.0,290
201500047829,15,3,30,1450,1,1,1,1,6,385,CHOULANS (DE),M,,,690
201500010908,15,7,4,1600,1,2,1,1,2,88,"107, ANGLAIS (DU N° 114",M,4369092.0,724663.0,60
201500013950,15,1,20,845,1,2,1,2,6,55,"66, BD NOTRE DAME",M,4328727.0,537366.0,130
201500028336,15,8,20,1830,1,1,1,1,3,36,906 (RD),,,,540
201500037839,15,8,31,1800,1,2,2,1,3,23,"0, HENRI BARBUSSE (AVENU",,,,920
201500007921,15,10,26,1030,1,1,1,1,1,7,,M,0.0,0.0,830
201500030118,15,7,3,1555,1,2,1,1,3,650,"127, DELORY (RUE GUSTAVE",,,,590
201500052552,15,11,13,2100,5,2,2,1,3,111,"19, RUE AMELOT",,,,750
201500018567,15,1,22,1545,1,1,8,1,1,600,,M,5019901.0,170561.0,800
201500023692,15,8,19,620,5,2,3,1,3,63,CRS A.BRIAND/CRS ALBRET,M,4483230.0,-57941.0,330
201500004725,15,5,30,1540,1,2,1,1,6,738,"47, 4 FILS PAUL DOUMER",M,4965599.0,329131.0,20
201500005454,15,4,4,315,3,1,1,1,7,210,,M,0.0,0.0,630
201500037669,15,10,2,1335,1,2,1,1,6,12,"8, PARCHAMP (RUE DU) 9BI",,,,920
201500028285,15,2,28,1706,1,2,1,1,2,121,"0, BOURGOGNE (RUE DE)",M,4809781.0,514038.0,520
201500011989,15,10,13,430,3,1,1,1,1,151,,M,0.0,0.0,370
201500015797,15,1,26,100,5,2,1,1,7,55,"01, AVE ALEXANDRE FLEMIN",M,4331499.0,538802.0,130
201500031506,15,8,26,1240,1,2,1,1,2,445,341 BD DU CAMI SALIE,M,4333129.0,-35946.0,640
201500041343,15,6,21,1430,1,2,1,1,3,66,"14, ORNANO (BOULEVARD)",,,,930
201500028457,15,12,28,1845,2,2,1,1,2,547,NORVEGE (RUE DE),,,,540
201500039080,15,10,2,930,1,2,1,1,6,62,"16, BERTHELOT (RUE MARCE",,,,920
201500012929,15,9,12,830,1,1,1,1,6,430,,M,4310466.0,59821.0,310
201500030589,15,11,10,2205,5,2,3,1,2,159,"57, SENLIS (DE)",M,4939358.0,280315.0,600
201500015751,15,12,20,600,5,2,1,1,6,55,"34, CAPITAINE GEZE (BOUL",M,4333026.0,537007.0,130
201500039544,15,7,18,1840,1,2,3,1,3,78,VIEUX CHEMIN DE ST DENIS,,,,920
201500056611,15,4,7,1745,1,1,1,1,1,224,,A,0.0,0.0,972
201500038492,15,9,29,1900,1,2,3,1,6,40,"100, GALLIENI (BOULEVARD",,,,920
201500022113,15,6,21,1340,1,2,2,1,3,189,JAURES JEAN (BOULEVARD),M,4382507.0,435406.0,300
201500030167,15,9,6,1135,1,2,1,2,2,163,"56, GARE (RUE DE LA)",,,,590
201500018398,15,10,24,1850,3,2,1,1,6,59,lieu dit cassignoles,M,4316072.0,211314.0,110
201500024995,15,8,28,1400,1,2,1,1,6,238,"36, GACET (ALLEE DU)",M,4808542.0,-166151.0,350
201500052468,15,8,24,1935,2,2,3,2,3,111,"93, AVENUE DE LA REPUBLI",,,,750
201500021339,15,7,11,700,1,1,1,1,6,317,,M,4890360.0,-87587.0,140
201500039446,15,1,26,1535,1,2,2,1,7,75,"., MARCEL MARTINIE (AVEN",,,,920
201500054574,15,6,11,1810,1,2,3,1,6,117,"01, AVENUE EMILE ET ARMA",,,,750
201500054225,15,8,21,1425,1,2,1,1,2,116,AVENUE DE LA PORTE D AUT,,,,750
201500025925,15,8,28,1315,1,2,1,1,3,185,"., STALINGRAD (RUE DE)",M,4517463.0,572524.0,380
201500029134,15,3,8,1638,1,2,3,1,6,260,"., AMPERE(RUE)",M,4764661.0,-275897.0,560
201500011791,15,11,7,45,5,2,1,1,4,172,D723,M,4726580.0,-148780.0,440
201500053067,15,3,14,2050,5,2,4,1,3,113,AVENUE DE LA PORTE D ITA,,,,750
201500057431,15,2,11,1010,1,2,1,1,6,209,"1, GENERAL DE GAULLE (BL",A,0.0,0.0,972
201500024206,15,1,29,1745,5,2,1,6,6,63,BD ALFRED DANEY,M,4487040.0,-56510.0,330
201500047440,15,10,9,140,3,1,1,1,2,179,AUTOROUTE A6,,,,910
201500041111,15,4,13,1200,1,2,9,1,6,55,"42, DIVISION LECLERC (AV",,,,930
201500024622,15,11,16,1745,2,2,1,1,6,129,"640, MONTPELLIER (AVENUE",M,4356873.0,390439.0,340
201500029285,15,8,26,1020,1,2,3,1,5,463,"3, TREVES (BOULEVARD DE",M,4912111.0,618836.0,570
201500042973,15,12,5,1000,1,2,1,1,6,21,"., PROVENCE (R DE)",,,,940
201500031516,15,9,17,1612,1,2,1,1,6,445,7 RUE LESPY,M,4329961.0,-36384.0,640
201500055967,15,9,15,1723,1,2,1,1,6,116,BOULEVARD PERIPHERIQUE I,,,,750
201500035556,15,7,8,1525,1,1,1,1,7,166,"09, MARAICHERS (ROUTE DE",M,4652208.0,-179315.0,850
201500041398,15,9,30,830,1,2,1,1,3,66,"2, SAINT OUEN (QUAI DE )",,,,930
201500047562,15,12,2,910,1,1,1,1,2,432,AUTOROUTE A6,M,4868683.0,232624.0,910